{
  "model": "ConViTX-Pretrained (MobileNetV3-Small CNN)",
  "params_trainable": 2993254,
  "params_total": 2993254,
  "seed": 42,
  "best_epoch": 9,
  "best_val_acc": 94.62,
  "best_val_f1": 0.9363,
  "per_class": {
    "Anthracnose": {
      "precision": 0.7692307692307693,
      "recall": 1.0,
      "f1-score": 0.8695652173913043,
      "support": 50.0
    },
    "Brown_Stem_Spot": {
      "precision": 0.9841269841269841,
      "recall": 0.9393939393939394,
      "f1-score": 0.9612403100775194,
      "support": 132.0
    },
    "Gray_Blight": {
      "precision": 0.9027777777777778,
      "recall": 1.0,
      "f1-score": 0.948905109489051,
      "support": 65.0
    },
    "Healthy": {
      "precision": 1.0,
      "recall": 0.9545454545454546,
      "f1-score": 0.9767441860465116,
      "support": 154.0
    },
    "Soft_Rot": {
      "precision": 0.990990990990991,
      "recall": 0.9821428571428571,
      "f1-score": 0.9865470852017937,
      "support": 112.0
    },
    "Stem_Canker": {
      "precision": 0.9130434782608695,
      "recall": 0.84,
      "f1-score": 0.875,
      "support": 100.0
    }
  },
  "ckpt_path": "C:\\Users\\prith\\Desktop\\My Projects\\Mini_Project\\Dragon-fruit Disease\\mini-project\\dragonfruit_disease_ai\\models\\best_convitx_pretrained.pth"
}